"filename", "language", "HTML", "JavaScript", "Python", "comment", "blank", "total"
"c:\Users\magfal0620\Desktop\MinaElever\app\__init__.py", "Python", 0, 0, -2, 54, -3, 49
"c:\Users\magfal0620\Desktop\MinaElever\app\auth\__init__.py", "Python", 0, 0, 0, 0, -1, -1
"c:\Users\magfal0620\Desktop\MinaElever\app\auth\service.py", "Python", 0, 0, -79, -4, -6, -89
"c:\Users\magfal0620\Desktop\MinaElever\app\base.py", "Python", 0, 0, 0, 13, 1, 14
"c:\Users\magfal0620\Desktop\MinaElever\app\config.py", "Python", 0, 0, 0, 16, 1, 17
"c:\Users\magfal0620\Desktop\MinaElever\app\extensions.py", "Python", 0, 0, 0, 22, 1, 23
"c:\Users\magfal0620\Desktop\MinaElever\app\routes\auth.py", "Python", 0, 0, -1, 0, 0, -1
"c:\Users\magfal0620\Desktop\MinaElever\app\routes\dashboard.py", "Python", 0, 0, -1, 0, 0, -1
"c:\Users\magfal0620\Desktop\MinaElever\app\routes\groups.py", "Python", 0, 0, 13, 0, 0, 13
"c:\Users\magfal0620\Desktop\MinaElever\app\routes\questions.py", "Python", 0, 0, -1, 0, 0, -1
"c:\Users\magfal0620\Desktop\MinaElever\app\routes\responses.py", "Python", 0, 0, -1, 0, 0, -1
"c:\Users\magfal0620\Desktop\MinaElever\app\routes\students.py", "Python", 0, 0, -1, 1, 0, 0
"c:\Users\magfal0620\Desktop\MinaElever\static\js\common.js", "JavaScript", 0, -101, 0, -8, -13, -122
"c:\Users\magfal0620\Desktop\MinaElever\static\js\groups.js", "JavaScript", 0, 0, 0, 0, -1, -1
"c:\Users\magfal0620\Desktop\MinaElever\static\js\init.js", "JavaScript", 0, -17, 0, -3, -1, -21
"c:\Users\magfal0620\Desktop\MinaElever\static\js\question.js", "JavaScript", 0, -2, 0, 0, -1, -3
"c:\Users\magfal0620\Desktop\MinaElever\static\js\slask.js", "JavaScript", 0, -6, 0, -7, -25, -38
"c:\Users\magfal0620\Desktop\MinaElever\static\js\students.js", "JavaScript", 0, -346, 0, 0, -106, -452
"c:\Users\magfal0620\Desktop\MinaElever\templates\groups\_group_change_form.html", "HTML", 34, 0, 0, 0, 2, 36
"c:\Users\magfal0620\Desktop\MinaElever\templates\groups\_group_form.html", "HTML", -34, 0, 0, 0, -3, -37
"c:\Users\magfal0620\Desktop\MinaElever\templates\groups\_groups_new_form.html", "HTML", 36, 0, 0, 0, 3, 39
"c:\Users\magfal0620\Desktop\MinaElever\templates\groups\_team_change_form.html", "HTML", 32, 0, 0, 0, 0, 32
"c:\Users\magfal0620\Desktop\MinaElever\templates\groups\_team_form.html", "HTML", -32, 0, 0, 0, 0, -32
"c:\Users\magfal0620\Desktop\MinaElever\templates\groups\_teams_new_form.html", "HTML", 32, 0, 0, 0, 0, 32
"c:\Users\magfal0620\Desktop\MinaElever\templates\students\add.html", "HTML", 0, 0, 0, 0, -2, -2
"c:\Users\magfal0620\Desktop\MinaElever\templates\test.html", "HTML", 0, 0, 0, 0, -1, -1
"c:\Users\magfal0620\Desktop\MinaElever\templates\update_student_code.html", "HTML", 0, 0, 0, 0, -2, -2
"Total", "-", 68, -472, -73, 84, -157, -550