"filename", "language", "HTML", "JavaScript", "JSON", "Markdown", "SCSS", "Python", "PostCSS", "pip requirements", "comment", "blank", "total"
"c:\Users\magfal0620\Desktop\MinaElever\README.md", "Markdown", 0, 0, 0, 197, 0, 0, 0, 0, 0, 82, 279
"c:\Users\magfal0620\Desktop\MinaElever\app\__init__.py", "Python", 0, 0, 0, 0, 0, 64, 0, 0, 57, 7, 128
"c:\Users\magfal0620\Desktop\MinaElever\app\base.py", "Python", 0, 0, 0, 0, 0, 3, 0, 0, 13, 2, 18
"c:\Users\magfal0620\Desktop\MinaElever\app\config.py", "Python", 0, 0, 0, 0, 0, 1, 0, 0, 16, 1, 18
"c:\Users\magfal0620\Desktop\MinaElever\app\extensions.py", "Python", 0, 0, 0, 0, 0, 3, 0, 0, 23, 3, 29
"c:\Users\magfal0620\Desktop\MinaElever\app\models.py", "Python", 0, 0, 0, 0, 0, 282, 0, 0, 36, 37, 355
"c:\Users\magfal0620\Desktop\MinaElever\app\routes\__init__.py", "Python", 0, 0, 0, 0, 0, 0, 0, 0, 0, 1, 1
"c:\Users\magfal0620\Desktop\MinaElever\app\routes\assignments.py", "Python", 0, 0, 0, 0, 0, 61, 0, 0, 4, 9, 74
"c:\Users\magfal0620\Desktop\MinaElever\app\routes\auth.py", "Python", 0, 0, 0, 0, 0, 111, 0, 0, 2, 5, 118
"c:\Users\magfal0620\Desktop\MinaElever\app\routes\dashboard.py", "Python", 0, 0, 0, 0, 0, 42, 0, 0, 1, 3, 46
"c:\Users\magfal0620\Desktop\MinaElever\app\routes\gamification.py", "Python", 0, 0, 0, 0, 0, 9, 0, 0, 0, 2, 11
"c:\Users\magfal0620\Desktop\MinaElever\app\routes\groups.py", "Python", 0, 0, 0, 0, 0, 255, 0, 0, 0, 12, 267
"c:\Users\magfal0620\Desktop\MinaElever\app\routes\questions.py", "Python", 0, 0, 0, 0, 0, 159, 0, 0, 20, 16, 195
"c:\Users\magfal0620\Desktop\MinaElever\app\routes\responses.py", "Python", 0, 0, 0, 0, 0, 78, 0, 0, 3, 7, 88
"c:\Users\magfal0620\Desktop\MinaElever\app\routes\statistics.py", "Python", 0, 0, 0, 0, 0, 9, 0, 0, 0, 2, 11
"c:\Users\magfal0620\Desktop\MinaElever\app\routes\students.py", "Python", 0, 0, 0, 0, 0, 382, 0, 0, 5, 18, 405
"c:\Users\magfal0620\Desktop\MinaElever\app\routes\templates.py", "Python", 0, 0, 0, 0, 0, 9, 0, 0, 0, 2, 11
"c:\Users\magfal0620\Desktop\MinaElever\app\services\__init__.py", "Python", 0, 0, 0, 0, 0, 0, 0, 0, 0, 1, 1
"c:\Users\magfal0620\Desktop\MinaElever\app\services\auth.py", "Python", 0, 0, 0, 0, 0, 95, 0, 0, 6, 9, 110
"c:\Users\magfal0620\Desktop\MinaElever\app\services\htmx.py", "Python", 0, 0, 0, 0, 0, 13, 0, 0, 0, 1, 14
"c:\Users\magfal0620\Desktop\MinaElever\app\services\students.py", "Python", 0, 0, 0, 0, 0, 4, 0, 0, 0, 2, 6
"c:\Users\magfal0620\Desktop\MinaElever\app\services\tags.py", "Python", 0, 0, 0, 0, 0, 11, 0, 0, 0, 3, 14
"c:\Users\magfal0620\Desktop\MinaElever\app\services\utils.py", "Python", 0, 0, 0, 0, 0, 9, 0, 0, 4, 2, 15
"c:\Users\magfal0620\Desktop\MinaElever\package-lock.json", "JSON", 0, 0, 46, 0, 0, 0, 0, 0, 0, 1, 47
"c:\Users\magfal0620\Desktop\MinaElever\package.json", "JSON", 0, 0, 23, 0, 0, 0, 0, 0, 0, 1, 24
"c:\Users\magfal0620\Desktop\MinaElever\requirements.txt", "pip requirements", 0, 0, 0, 0, 0, 0, 0, 14, 0, 1, 15
"c:\Users\magfal0620\Desktop\MinaElever\run.py", "Python", 0, 0, 0, 0, 0, 4, 0, 0, 0, 2, 6
"c:\Users\magfal0620\Desktop\MinaElever\static\css\style.css", "PostCSS", 0, 0, 0, 0, 0, 0, 11051, 0, 24, 913, 11988
"c:\Users\magfal0620\Desktop\MinaElever\static\js\common.js", "JavaScript", 0, 144, 0, 0, 0, 0, 0, 0, 16, 13, 173
"c:\Users\magfal0620\Desktop\MinaElever\static\scss\_autocomplete.scss", "SCSS", 0, 0, 0, 0, 19, 0, 0, 0, 0, 2, 21
"c:\Users\magfal0620\Desktop\MinaElever\static\scss\_forms.scss", "SCSS", 0, 0, 0, 0, 14, 0, 0, 0, 0, 3, 17
"c:\Users\magfal0620\Desktop\MinaElever\static\scss\_layout.scss", "SCSS", 0, 0, 0, 0, 3, 0, 0, 0, 0, 0, 3
"c:\Users\magfal0620\Desktop\MinaElever\static\scss\_tables.scss", "SCSS", 0, 0, 0, 0, 31, 0, 0, 0, 2, 7, 40
"c:\Users\magfal0620\Desktop\MinaElever\static\scss\_variables.scss", "SCSS", 0, 0, 0, 0, 8, 0, 0, 0, 0, 1, 9
"c:\Users\magfal0620\Desktop\MinaElever\static\scss\style.scss", "SCSS", 0, 0, 0, 0, 66, 0, 0, 0, 10, 17, 93
"c:\Users\magfal0620\Desktop\MinaElever\templates\add_assignment.html", "HTML", 138, 0, 0, 0, 0, 0, 0, 0, 8, 28, 174
"c:\Users\magfal0620\Desktop\MinaElever\templates\add_group.html", "HTML", 20, 0, 0, 0, 0, 0, 0, 0, 0, 3, 23
"c:\Users\magfal0620\Desktop\MinaElever\templates\add_question.html", "HTML", 40, 0, 0, 0, 0, 0, 0, 0, 0, 4, 44
"c:\Users\magfal0620\Desktop\MinaElever\templates\add_students.html", "HTML", 33, 0, 0, 0, 0, 0, 0, 0, 0, 4, 37
"c:\Users\magfal0620\Desktop\MinaElever\templates\add_subject.html", "HTML", 20, 0, 0, 0, 0, 0, 0, 0, 0, 3, 23
"c:\Users\magfal0620\Desktop\MinaElever\templates\admin\create_response.html", "HTML", 41, 0, 0, 0, 0, 0, 0, 0, 0, 20, 61
"c:\Users\magfal0620\Desktop\MinaElever\templates\admin\import_students.html", "HTML", 69, 0, 0, 0, 0, 0, 0, 0, 3, 4, 76
"c:\Users\magfal0620\Desktop\MinaElever\templates\asignment.html", "HTML", 26, 0, 0, 0, 0, 0, 0, 0, 0, 6, 32
"c:\Users\magfal0620\Desktop\MinaElever\templates\auth\bootstrap.html", "HTML", 18, 0, 0, 0, 0, 0, 0, 0, 0, 0, 18
"c:\Users\magfal0620\Desktop\MinaElever\templates\base.html", "HTML", 92, 0, 0, 0, 0, 0, 0, 0, 2, 3, 97
"c:\Users\magfal0620\Desktop\MinaElever\templates\dashboard.html", "HTML", 22, 0, 0, 0, 0, 0, 0, 0, 0, 2, 24
"c:\Users\magfal0620\Desktop\MinaElever\templates\errors\404.html", "HTML", 12, 0, 0, 0, 0, 0, 0, 0, 0, 9, 21
"c:\Users\magfal0620\Desktop\MinaElever\templates\groups\_archived_groups_table.html", "HTML", 56, 0, 0, 0, 0, 0, 0, 0, 1, 1, 58
"c:\Users\magfal0620\Desktop\MinaElever\templates\groups\_group_change_form.html", "HTML", 34, 0, 0, 0, 0, 0, 0, 0, 0, 2, 36
"c:\Users\magfal0620\Desktop\MinaElever\templates\groups\_group_modal.html", "HTML", 6, 0, 0, 0, 0, 0, 0, 0, 1, 0, 7
"c:\Users\magfal0620\Desktop\MinaElever\templates\groups\_groups_new_form.html", "HTML", 36, 0, 0, 0, 0, 0, 0, 0, 0, 3, 39
"c:\Users\magfal0620\Desktop\MinaElever\templates\groups\_groups_table.html", "HTML", 45, 0, 0, 0, 0, 0, 0, 0, 1, 0, 46
"c:\Users\magfal0620\Desktop\MinaElever\templates\groups\_team_change_form.html", "HTML", 32, 0, 0, 0, 0, 0, 0, 0, 0, 0, 32
"c:\Users\magfal0620\Desktop\MinaElever\templates\groups\_team_modal.html", "HTML", 6, 0, 0, 0, 0, 0, 0, 0, 2, 0, 8
"c:\Users\magfal0620\Desktop\MinaElever\templates\groups\_teams_new_form.html", "HTML", 32, 0, 0, 0, 0, 0, 0, 0, 0, 0, 32
"c:\Users\magfal0620\Desktop\MinaElever\templates\groups\_teams_table.html", "HTML", 61, 0, 0, 0, 0, 0, 0, 0, 1, 0, 62
"c:\Users\magfal0620\Desktop\MinaElever\templates\groups\manage.html", "HTML", 62, 0, 0, 0, 0, 0, 0, 0, 2, 2, 66
"c:\Users\magfal0620\Desktop\MinaElever\templates\index.html", "HTML", 13, 0, 0, 0, 0, 0, 0, 0, 0, 4, 17
"c:\Users\magfal0620\Desktop\MinaElever\templates\login.html", "HTML", 13, 0, 0, 0, 0, 0, 0, 0, 0, 4, 17
"c:\Users\magfal0620\Desktop\MinaElever\templates\partials\question_rows.html", "HTML", 51, 0, 0, 0, 0, 0, 0, 0, 0, 5, 56
"c:\Users\magfal0620\Desktop\MinaElever\templates\questions.html", "HTML", 81, 0, 0, 0, 0, 0, 0, 0, 0, 4, 85
"c:\Users\magfal0620\Desktop\MinaElever\templates\questionstest.html", "HTML", 162, 0, 0, 0, 0, 0, 0, 0, 0, 13, 175
"c:\Users\magfal0620\Desktop\MinaElever\templates\students\_student_form.html", "HTML", 117, 0, 0, 0, 0, 0, 0, 0, 0, 0, 117
"c:\Users\magfal0620\Desktop\MinaElever\templates\students\_student_modal.html", "HTML", 6, 0, 0, 0, 0, 0, 0, 0, 1, 0, 7
"c:\Users\magfal0620\Desktop\MinaElever\templates\students\_students_form.html", "HTML", 134, 0, 0, 0, 0, 0, 0, 0, 0, 1, 135
"c:\Users\magfal0620\Desktop\MinaElever\templates\students\_students_table.html", "HTML", 133, 0, 0, 0, 0, 0, 0, 0, 1, 1, 135
"c:\Users\magfal0620\Desktop\MinaElever\templates\students\add.html", "HTML", 33, 0, 0, 0, 0, 0, 0, 0, 0, 2, 35
"c:\Users\magfal0620\Desktop\MinaElever\templates\students\manage.html", "HTML", 90, 0, 0, 0, 0, 0, 0, 0, 4, 1, 95
"c:\Users\magfal0620\Desktop\MinaElever\templates\students\timeline.html", "HTML", 77, 0, 0, 0, 0, 0, 0, 0, 0, 59, 136
"c:\Users\magfal0620\Desktop\MinaElever\templates\update_student_code.html", "HTML", 41, 0, 0, 0, 0, 0, 0, 0, 1, 9, 51
"Total", "-", 1852, 144, 69, 197, 141, 1604, 11051, 14, 270, 1385, 16727